ブランド名,アイテム名,現在価格,割引率,定価
THE CASUAL,TRストレッチ コーデュロイ 無地 チェック ワイドパンツ,3960,0.44,7071
KANGOL,KANGOL/カンゴール別注 リバーシブル シープボアフリースジャケット/オーバーサイズ ボアスタンドブルゾン,7040,0.0,7040
KANGOL,MONO-MART×KANGOL カンゴール ビッグシルエットボアクルーネックスウェット,4851,0.1,5390
THE NORTH FACE,［ザ・ノースフェイス］UO★ THE NORTH FACE マウンテンライトジャケット,39600,0.0,39600
KANGOL,▽WEB限定 KANGOL/カンゴール 別注ロゴ刺繍 オーバーサイズ プルオーバーパーカー,5500,0.0,5500
Champion,Champion ( チャンピオン ) スウェット プルオーバー パーカー G.O.Cセレクト,3872,0.45,7040
Champion,Champion ( チャンピオン ) クルーネック　スウェット トレーナー G.O.Cセレクト,3328,0.45,6051
Champion,Champion/チャンピオン オーバーサイズ クルーネック 長袖 Tシャツ,1980,0.33,2955
COOOPER,WEARISTA KEI × COOOPER バラシシュウビッグスウェット,8800,0.0,8800
adidas,トラックパンツ [SST TRACK PANTS] アディダスオリジナルス,8789,0.0,8789
ZOZO,スリムテーパードデニムパンツ［MEN］,1990,0.48,3827
MONO-MART,T/R アーバンミリタリー コーチジャケット (MONO-MART) 2019AW,5940,0.1,6600
KANGOL,▽WEB限定 KANGOL/カンゴール 別注ロゴ刺繍 L/S オーバーサイズカットソー,3432,0.2,4290
KANGOL,KANGOL/カンゴール 別注 L/S オーバーサイズレギュラーカラーシャツ(2019AW),4851,0.1,5390
KANGOL,KANGOL ( カンゴール ) 裏毛 クルーネック トレーナー G.O.Cセレクト,3504,0.35,5391
THE CASUAL,TRストレッチテーパードスラックス,3960,0.35,6092
NIKE,ナイキ エア フォース 1 ‘07 LV8 メンズシューズ,12100,0.0,12100
Columbia,＜Columbia Black label × monkey time＞Crowders Bay TM Jacket/マウンテンパーカー,37400,0.0,37400
MONO-MART,ワイドテーパードバルーンデニムパンツ(10oz DENIM),4950,0.1,5500
Nilway,インフルエンサー 【ユウ】×【Nilway】ドレープポリトロオープンカラーシャツ,6985,0.0,6985
FREAK'S STORE,【ユニセックスでオススメ！/16色展開】シェフパンツ/バギーパンツ/chef pants/ビッグシルエットパンツ/ツイル/コーデュロイ/ペイズリー/カモフラージ,4851,0.1,5390
neos,【neos -addictive design-】ビッグシルエット コーデュロイ コール天 エルボーパッチ ロゴ シャツ,5500,0.28,7639
KANGOL,【BASQUE -enthusiastic design-】KANGOL カンゴール BASQUE magenta 別注 ビッグシルエット ライン切替 ボリュームネック ブルゾン,6952,0.2,8690
kutir,袖刺繍ウラキモウスウェット,2995,0.0,2995
BASQUE magenta,【BASQUE -enthusiastic design-】オーバーサイズ モックネック ニット セーター,5192,0.2,6490
MONO-MART,TRタックワイドパンツ テーパードスラックス,3960,0.34,6000
nano・universe,ダメリーノ　SOLOTEXフランネルジャケット(セットアップ対応),10692,0.1,11880
Kappa,Kappa / カッパ 別注 筆記ロゴプルオーバーパーカー,5390,0.0,5390
nano・universe,【WEB限定】T/Rイージーリブブルゾン,8712,0.1,9680
NIKE,ナイキ エア ヴェイパーマックス フライニット 3 メンズシューズ,22000,0.0,22000
FREAK'S STORE,WEB限定 ビッグシルエット オーバーサイズ コーデュロイ セットアップ (ジャケット/パンツ),14960,0.0,14960
ASTRONOMY,TRストレッチアーバンコーチジャケット,4627,0.29,6517
GILDAN,ギルダン ビッグシルエット USAオーバーサイズ ロングスリーブTシャツ,2286,0.25,3048
adidas,ナイトジョガー [NITE JOGGER] アディダスオリジナルス,7040,0.6,17600
THE CASUAL,撥水マウンテンパーカー ジャケット ブルゾン,2970,0.7,9900
Casper John,CASPER JOHN　ドロップショルダーWチェスターコート,15950,0.0,15950
KANGOL,KANGOL ( カンゴール ) クルーネック ロンT G.O.Cセレクト,2789,0.35,4291
Reebok,インスタポンプフューリー OG [INSTAPUMP FURY OG] リーボック,19800,0.0,19800
CRAFT STANDARD BOUTIQUE,【WEB限定】LOOSE T-SHIRT／ポケット付きビッグシルエットロンT【UNISEX】〇☆,1852,0.3,2646
Carhartt,carhartt(カーハート) Workwear Pocket Long-Sleeve T-Shirts ポケットロングTシャツ,5445,0.1,6050
EMMA CLOTHES,TRストレッチスーツ地 ワンタック セミワイド テーパードアンクルパンツ 2019AUTUMN,6732,0.1,7480
JOKER,スウェットスキニージョガーパンツ スウェットパンツ トラックパンツ,1881,0.1,2090
VANS,VANS ヴァンズ OLD SKOOL オールドスクール VN-0D3HY28 BLACK,7700,0.0,7700
FREAK'S STORE,▽WEB限定 MIDORI KOMATSU×FREAK'S STORE/ミドリ コマツ×フリークスストア Welcome to MOTEL⑧ プリント クルーネックスウェット,5995,0.0,5995
FILA,FILA ダッドスニーカー DISRUPTOR 2 / ディスラプター2,10450,0.0,10450
Champion,Champion ( チャンピオン ) スウェット ビッグ プル パーカー Lulu＆Arnieセレクト,3784,0.57,8800
adidas,[3ストライプス クルーネックスウェット] アディダスオリジナルス,8789,0.0,8789
RATTLE TRAP,シングルライダースレザージャケット【WEB限定カラー追加】,31900,0.0,31900
KANGOL,MONO-MART×KANGOL カンゴール 別注 オーバーサイズチェックシャツ/フランネルシャツ,5390,0.0,5390
Rocky Monroe,タスラン加工マウンテンパーカー,3960,0.34,6000
BARK MANHATTAN,タスラン加工マウンテンパーカー / シェルジャケット,4884,0.2,6105
MONO-MART,カツラギ素材 スキニー ストレッチ パンツ(MONO-MART),3025,0.5,6050
Kappa,Kappa/カッパ 袖テープ/刺繍ロゴビッグロンT,3520,0.0,3520
adidas,adidas/アディダス TREFOIL HOODIE/トレフォイル フーディー プルオーバーパーカー,8406,0.15,9889
LIDnM,LIDNM/リドム/isko ハイストレッチスキニー,6600,0.0,6600
nano・universe,ワッフルラウンドＴシャツL/S,3080,0.2,3850
kutir,オーバーステンカラーコート,5595,0.0,5595
nano・universe,WONDER LIGHT LEATHER シングルライダース,22572,0.1,25080
MinoriTY,【2019秋冬新作】ドルマンスリーブミラノリブニット　ビッグシルエット,2673,0.1,2970
NIKE,ナイキ スポーツウェア テック フリース ジョガーパンツ / スウェットパンツ《セットアップ対応商品》,12100,0.0,12100
niko and...,WEワンタックスラックス,6490,0.0,6490
FREAK'S STORE,WEB限定 12oz ヘビーウェイト ビッグシルエット クルーネックスウェット/トレーナー,4994,0.0,4994
INTER FACTORY,ファッションインフルエンサー こめ × INTER FACTORY　グレンチェックバルーンブルゾン,11000,0.0,11000
Rocky Monroe,ポンチ素材無地＆サイドライン＆サイド2ラインジョガーパンツ,3355,0.0,3355
Champion,Champion HOODED オーバーサイズ プルオーバーパーカー,4928,0.3,7040
LIL VENDARS,スウェットパンツ ジョガーパンツ ラインパンツ イージーパンツ トラックパンツ,3564,0.1,3960
NIKE,ナイキ エア マックス 95 エッセンシャル ユニセックスシューズ,17600,0.0,17600
BARK MANHATTAN,パナマ織り 綿麻ストレッチ長袖シャツ,3003,0.3,4290
GILDAN,ギルダン USAオーバーサイズ ロングスリーブ プルオーバー パーカー (裏起毛),5044,0.3,7206
nano・universe,ダメリーノ　ハイゲージツイルジャージジャケット(セットアップ対応),8118,0.1,9020
KANGOL,▽WEB限定 MONO-MART×KANGOL カンゴール ビッグシルエット プルオーバースウェット,4950,0.1,5500
MONO-MART,ビッグシルエット切り替えフルジップブルゾン,7260,0.25,9680
MONO-MART,T/R ストレッチ バンドカラーシャツ,3850,0.0,3850
Casper John,Casper John　オーバーWテーラードジャケット,14850,0.0,14850
nano・universe,ダメリーノ　SOLOTEXフランネルパンツ(セットアップ対応),7128,0.1,7920
4A.M.LIFESTYLE,クロノグラフ ウオッチ,5830,0.78,26500
NANGA,NANGA×URBAN RESEARCH iD　AURORA 3LAYER DOWN BLOUSON,36300,0.0,36300
THE NORTH FACE,THE NORTH FACE SQUARE LOGO CREW,12100,0.0,12100
SILVER BULLET,【SBLT】【サイズ調整可能】シルバー925 ユニセックス変形デザインリング / blat-r-2,2640,0.79,12571
RAGEBLUE,＜2WAYストレッチ＞スキニーパンツ/824158,3647,0.15,4291
Champion,Champion/チャンピオン オーバーサイズ プルオーバー スウェット,4400,0.33,6567
THE NORTH FACE,THE NORTH FACE SINGLE SHOT,13200,0.0,13200
coen,ストレッチスキニーデニムクライミングパンツ(一部WEB限定カラー),4950,0.0,4950
VANS,VANS ヴァンズ OLD SKOOL DX オールドスクール DX CALM V36CL+ CALM GINGER,7150,0.0,7150
adidas,スタンスミス [STAN SMITH] アディダスオリジナルス,9790,0.0,9790
Nilway,【Nilway】ドレープポリトロバンドカラーシャツ【WEARISTA・インフルエンサー　げんじ着用】,7590,0.0,7590
Champion,Champion ( チャンピオン ) クルーネック　スウェット トレーナー Lulu＆Arnieセレクト,3300,0.5,6600
KANGOL,▽WEB限定 MONO-MART×KANGOL 別注 オーバーサイズチルデンニット,4851,0.1,5390
FREAK'S STORE,▽Gramicci×FREAK'S STORE/グラミチ 別注ボアフリースブルゾン,16940,0.0,16940
EMMA CLOTHES,コットンツイル/デニム/ストライプ/チェック ドリズラージャケット,10692,0.1,11880
nano・universe,思いきり洗えるニット 12GGクルーネック L/S,8690,0.0,8690
kutir,ウラキモウワンポイント刺繍スウェット,2995,0.0,2995
adidas,《メルマガ掲載》adidas アディダス SUPERSTAR スーパースター C77124 WHT/CBK/WHT,8789,0.1,9766
KANGOL,KANGOL / カンゴール ロゴプルオーバーパーカー,5390,0.0,5390
JIGGYS SHOP,スーパーストレッチ メンズ スキニーデニム & ダメージ デニムパンツ,5095,0.15,5994
FREAK'S STORE,WEB限定 THE NORTH FACE/ザノースフェイス グラニュール,4070,0.0,4070
HARE,オーバーロングジャケット(HARE),11000,0.33,16418
WHIM ROTH,【adamsJUGGLER】ネオンジップフーディー,12980,0.0,12980
Champion,Champion Authentic T-SHIRTS/ チャンピオン コットン Tシャツ Long Sleeve T,1650,0.4,2750
KANGOL,KANGOL ( カンゴール ) コットン100 裏毛 刺繍 ロゴ ビッグ プル パーカー Lulu＆Arnieセレクト,3773,0.3,5390
KANGOL,KANGOL / カンゴール ビッグロゴロンT,4290,0.0,4290
NIKE,ナイキ エア マックス 270 リアクト メンズシューズ,16500,0.0,16500
DOOPZ,DOOPZ TRドロップショルダーステンカラーコート,18150,0.0,18150
Coleman,ウォーカー33 / WALKER33,7480,0.0,7480
Champion,Champion PULLOVER オーバーサイズ プルオーバー クルーネック スウェット,3960,0.58,9429
Reebok,インスタポンプ フューリー / InstaPump Fury Original Shoes,19800,0.0,19800
RVCA,RVCA/ルーカ ビッグシルエットBACKロゴパーカー/バックロゴフーディ―,10450,0.0,10450
Dr.Martens,Dr.Martens / ドクターマーチン 1461 3EYE GIBSON SHOE 3ホール ギブソン シューズ,19635,0.15,23100
glamb,Blaine leather JKT / ブレインレザージャケット,58850,0.0,58850
AAA+,オリジナルクリアソール、3ホールオックスフォードシューズ,2976,0.31,4313
DOOPZ,DOOPZ　ルーズスリーブドリズラージャケット,15950,0.0,15950
KANGOL,【別注・コラボ】ZIP FIVE × KANGOL　切替ナイロンビッグジャケット,7590,0.0,7590
GILDAN,ギルダン USAオーバーサイズ ロングスリーブプルオーバークルースウェット,3663,0.4,6105
FREAK'S STORE,▽【ユニセックスでオススメ！】ビッグシルエット6Wコーデュロイジャケット/ボリュームスリーブGジャン,7178,0.1,7976
Champion,Champion / チャンピオン 別注 WRAP-AIR VENT PO HOODIE,13200,0.0,13200
POLO RALPH LAUREN,スエード スキート ジャケット,171600,0.0,171600
VISION STREET WEAR,【VISION】レトロスポーツビッグシルエットナイロンジャケット,6166,0.05,6491
ZIP FIVE,裏起毛プルオーバーパーカー,2970,0.0,2970
Carhartt,Carhartt/カーハート Workwear Long-Sleeve Pocket T-Shirt　長袖Tシャツ ロンT,5748,0.05,6051
FREAK'S STORE,▽WEB限定 MIDORI KOMATSU×FREAK'S STORE/ミドリ コマツ×フリークスストア I'm BUSY バックプリント プルオーバーパーカー,6996,0.0,6996
FRUIT OF THE LOOM,FRUIT OF THE LOOM/フルーツオブザルーム クルーネックロングTシャツ / カットソー 長袖 ロンT,2772,0.4,4620
FREAK'S STORE,▽【WEB限定】【ユニセックスでオススメ！】スケートBEAR LOGO L/S/スケートベアロゴロンT,3594,0.1,3993
TOMMY HILFIGER,トミーヒルフィガー ロゴ ロング Tシャツ / TINO TEE L/S,6600,0.0,6600
adidas,トラックトップ [SST TRACK TOP] アディダスオリジナルス ジャージ,10989,0.0,10989
FREAK'S STORE,▽WEB限定 MIDORI KOMATSU×FREAK'S STORE/ミドリ コマツ×フリークスストア ADIOS AMIGOS バックプリント ロングTシャツ/ロンT,4994,0.0,4994
MONO-MART,カツラギ素材 テーパード ストレッチ チノパンツ(MONO-MART),2723,0.55,6051
STUSSY,Basic Stussy Hood,16280,0.0,16280
YON,YON　ライダーススイングトップ,5940,0.0,5940
nano・universe,ダメリーノ　SOLOTEXハイテンションジャケット(セットアップ対応）,13365,0.1,14850
RAGEBLUE,柄チェックCPOシャツ/847408,3190,0.51,6510
Kappa,▽WEB限定 Kappa/カッパ 別注 サイドラインパンツ/トラックパンツ,3960,0.1,4400
LIL VENDARS,ストレッチオックス長袖シャツ,3960,0.0,3960
TOMMY HILFIGER,【定番パーカー】ベーシック ロゴ パーカー,13200,0.0,13200
NIKE,ナイキ エア フォース 1 '07 LV8 3 メンズシューズ,9878,0.25,13171
FREAK'S STORE,▽FIRST DOWN/ファーストダウン 別注パネルショートダウン,31482,0.1,34980
ONITSUKA TIGER,SAMSARA LO / サムサラ ロー,14300,0.0,14300
Neutralcolor,レザーベルト,1980,0.84,12375
kutir,オーバーサイズボアブルゾン,3995,0.0,3995
FREAK'S STORE,WEB限定 THE NORTH FACE/ザノースフェイス マウンテンレインテックスコート,38500,0.0,38500
Dulcamara,2019秋冬　よそいき3サイドパンツ-P -YOSOIKI-,25300,0.0,25300
M.P Studios,【M.P Studios】ヴィンテージ加工 美シルエット フレアデニム ＆ ダメージデニム パンツ,7542,0.1,8380
FREAK'S STORE,WEB限定 12oz ヘビーウェイト ビッグシルエット プルオーバーパーカー/フーディ―,5995,0.0,5995
nano・universe,ダメリーノ　ハイゲージツイルジャージパンツ(セットアップ対応),5742,0.1,6380
URBAN RESEARCH ROSSO MEN,【WEB限定】ハイパフォーマンスオックスボタンダウンシャツ,6490,0.0,6490
VANS,VANS ヴァンズ OLD SKOOL オールドスクール V36CF SUEDE BEIGE,9900,0.0,9900
JIGGYS SHOP,スウェット メンズ ジョガーパンツ ( 無地 & 柄 & ラインパンツ ),1995,0.39,3270
NYLAUS,薄中綿 2way リバーシブル シープボア フリースジャケット,7678,0.0,7678
RAGEBLUE,＜WEB限定＞ビッグシルエット裏毛プリントスウェットクルー/857070,4290,0.0,4290
ADRER,ガンクラブチェックビッグシャツ,6600,0.0,6600
THE NORTH FACE,THENORTHFACE/ザ・ノースフェイス/Denali Hoodie/デナリフーディ/NA71952,24200,0.0,24200
nano・universe,マーセライズドミラノリブ着流しロングカーディガン,9020,0.0,9020
KANGOL,KANGOL/カンゴール 別注 ロゴ刺繍 バックプリント TC裏起毛 リブ長袖 ビッグシルエット プルパーカー,7211,0.05,7591
NIKE,ナイキ エア フォース 1 '07 メンズシューズ,11000,0.0,11000
adidas,トラックトップ [FIREBIRD TRACK TOP] アディダスオリジナルス,10989,0.0,10989
CIAOPANIC,綿テンセルビエラチェックシャツ/ネルシャツ/ビッグシルエット/WEB限定カラーあり,6490,0.0,6490
RAGEBLUE,ステッチショートブルゾン/847417,8690,0.0,8690
BARK MANHATTAN,ボリュームネック ダウンジャケット[DOWN70％/FEATHER30％],9900,0.0,9900
THE NORTH FACE,THENORTHFACE/ザ・ノースフェイス/Denali Jacket/デナリジャケット/NA71951,19800,0.0,19800
neos,【neos -original design-】スーパービッグシルエット ダブルボタン オーバートレンチコート,9878,0.0,9878
nano・universe,ＴＲコーチジャケット,8096,0.2,10120
RAGEBLUE,【USAコットン使用】ドロップショルダーロンT/848463,2750,0.0,2750
BEAMS,NIKE / スウッシュ ウーブン ジャケット,8580,0.4,14300
KANGOL,KANGOL ( カンゴール ) 裏毛 クルーネック トレーナーLulu＆Arnieセレクト,3504,0.35,5391
INTER FACTORY,WEARISTA tai × INTER FACTORY　シルバーネックレス,1980,0.0,1980
niko and...,WEテーラードジャケット,7590,0.0,7590
JOURNAL STANDARD,中綿マウンテンパーカー,16170,0.0,16170
neos,【neos -original design-】スーパービッグシルエット ロゴ フォト デザイン スウェット トレーナー,4930,0.1,5478
RAGEBLUE,TRビッグシルエットチェックシャツ/847425,3190,0.41,5407
Mark Gonzales,Mark Gonzales/マークゴンザレス MONO-MART別注 ビッグシルエット胸刺繍 長袖Tee,3190,0.0,3190
The DUFFER of ST.GEORGE,『WONDER SHAPE』TROUSERS：360°全方向高伸縮 『ワンダーシェイプ』 テーパードスキニーパンツ,13200,0.0,13200
KANGOL,▽WEB限定 KANGOL/カンゴール 別注 L/Sリラックスオープンカラーシャツ 2019AW,4851,0.1,5390
BASQUE magenta,【BASQUE -enthusiastic design-】TRストレッチワイドパンツ 2019AW,4989,0.3,7127
NIKE,NIKE AS M NSW HE HOODIE HZ WINTER 【SP】,14300,0.0,14300
MONO-MART,T/R ストレッチボタンダウンシャツ,3465,0.1,3850
kutir,アソートオープンカラーシャツ,1995,0.23,2591
Manhattan Portage,[マンハッタンポーテージ] BC★Manhattan Portage WEST ボディバッグ/B1101 ※,6380,0.0,6380
UNITED TOKYO,QUICK DRYオックスボタンダウンシャツ,7480,0.0,7480
MR.OLIVE,【セットアップ対応】RETORO POLYESTER TWILL / ワンプリーツ スタプレ テーパードパンツ (ナチュラルストレッチ パンツ),18150,0.0,18150
AKM Contemporary,【AKM Contemporary】スタンドネックフードダウンジャケット/ASO-928T,21120,0.69,68129
gym master,★リバーシブルマウンテンジャケット★,14080,0.0,14080
FREAK'S STORE,▽CANADA GOOSE/カナダグース JASPER PARKA/ジャスパー パーカ,126500,0.0,126500
FREAK'S STORE,▽【WEB限定】【ユニセックスでオススメ！】スケートBEAR LOGO CREW PO/スケートベアロゴクルーネックスウェット,4495,0.1,4994
MONO-MART,オーバーサイズチェックフランネルシャツ(MONO-MART) 2019AW,3080,0.3,4400
FREAK'S STORE,▽CANADA GOOSE/カナダグース CHATEAU PARKA/シャトー パーカ,123200,0.0,123200
INTER FACTORY,ファッションインフルエンサー SHOTA × INTER FACTORY　コード付きシャツ,8140,0.0,8140
KING OF ROCK,コーデュロイラインジョガーパンツ,8657,0.0,8657
nano・universe,【WEB限定商品】∴マイクロカノコカットジャケット,5500,0.0,5500
FREAK'S STORE,NIKE/ナイキ CE トラックスーツ/セットアップ,11000,0.0,11000
NUMBER (N)INE,【NUMBER (N)INE×KEI】ビッグシルエットオーバーシャツジャケット,12100,0.0,12100
EMMA CLOTHES,ブライトポプリンリラックスオープンカラーシャツ Poplin Open Collar Shirt,4950,0.1,5500
THE CASUAL,1つボタン ショート丈 テーラード ジャケット ノッチドラペル,2970,0.31,4304
EMMA CLOTHES,カツラギストレッチ1タックワイドチノパンツ,4840,0.5,9680
BEAMS,771m × オートモアイ × BEAMS / 別注 フーディ,5808,0.4,9680
KANGOL,WEB限定 KANGOL×FREAK'S STORE/カンゴール 別注ビッグシルエット プルオーバーパーカー/オーバーサイズカットソー,5500,0.0,5500
ZIP FIVE,プリントクルーロンTEE,2310,0.0,2310
schott,SCHOTT ショット / 別注2TONE DOWN JACKET ツートンダウンジャケット,38500,0.0,38500
Kappa,Kappa / カッパ 別注切替スウェット,4389,0.0,4389
niko and...,WECPOシャツジャケット,7590,0.0,7590
THE CASUAL,リアルタッチ スムース / スエード PU レザー シングル ライダース ジャケット,2970,0.45,5400
INTER FACTORY,ファッションインフルエンサー ぼーん × INTER FACTORY　ポケットリングジップオーバーバルーンシャツ,6600,0.0,6600
