brand,item,price,discount,originalprice,rank
THE NORTH FACE,ザ・ノースフェイス / ヌプシジャケット,35200,0.0,35200,1
KANGOL,KANGOL/カンゴール別注 リバーシブル シープボアフリースジャケット/オーバーサイズ ボアスタンドブルゾン,7040,0.0,7040,2
MONO-MART,T/R アーバンミリタリー コーチジャケット (MONO-MART) 2019AW,6600,0.0,6600,3
FREAK'S STORE,▽FIRST DOWN/ファーストダウン 別注パネルショートダウン,34980,0.0,34980,4
THE NORTH FACE,TheNorthFace (ザ・ノースフェイス）Mountain Jacket マウンテンジャケット　NP61800,55000,0.0,55000,5
KANGOL,【BASQUE -enthusiastic design-】KANGOL カンゴール BASQUE magenta 別注 ビッグシルエット ライン切替 ボリュームネック ブルゾン,8690,0.0,8690,6
nano・universe,WONDER LIGHT LEATHER シングルライダース,25080,0.0,25080,7
nano・universe,ダメリーノ　SOLOTEXフランネルジャケット(セットアップ対応),11880,0.0,11880,8
nano・universe,【WEB限定】T/Rイージーリブブルゾン,9680,0.0,9680,9
FREAK'S STORE,WEB限定 THE NORTH FACE/ザノースフェイス Denali Hoodie/デナリフーディ,24200,0.0,24200,10
THE CASUAL,撥水マウンテンパーカー ジャケット ブルゾン,4950,0.51,10102,11
INTER FACTORY,ファッションインフルエンサー こめ × INTER FACTORY　グレンチェックバルーンブルゾン,11000,0.0,11000,12
ASTRONOMY,TRストレッチアーバンコーチジャケット,4950,0.76,20625,13
FREAK'S STORE,▽Gramicci×FREAK'S STORE/グラミチ 別注ボアフリースブルゾン,16940,0.0,16940,14
kutir,オーバーステンカラーコート,5595,0.0,5595,15
Rocky Monroe,タスラン加工マウンテンパーカー,4950,0.83,29118,16
nano・universe,ダメリーノ　ハイゲージツイルジャージジャケット(セットアップ対応),9020,0.0,9020,17
FREAK'S STORE,WEB限定 THE NORTH FACE/ザノースフェイス Trango Parka/トランゴパーカ,29700,0.0,29700,18
Danton,＜DANTON（ダントン）＞ DOWN PK/ダウンジャケット,47080,0.0,47080,19
HARE,EASYトレンチコート(HARE),14080,0.8,70400,20
FREAK'S STORE,WEB限定 ビッグシルエット オーバーサイズ コーデュロイ セットアップ (ジャケット/パンツ),14960,0.0,14960,21
DESCENTE ALLTERRAIN,"水沢ダウンジャケット""マウンテニア"" / MIZUSAWA DOWN JACKET ""MOUNTAINEER""",110000,0.0,110000,22
FREAK'S STORE,▽PYRENEX/ピレネックス ANNECY/アヌシー/アネシー,121000,0.0,121000,23
G.O.C,チェック柄 ビッグシルエット ドリズラー ブルゾン,5997,0.6,14992,24
MONO-MART,ビッグシルエット切り替えフルジップブルゾン,8712,0.9,87120,25
THE NORTH FACE,［ザ・ノースフェイス］UO★ THE NORTH FACE マウンテンライトジャケット,39600,0.0,39600,26
nano・universe,ＴＲコーチジャケット,10120,0.0,10120,27
BEAUTY&YOUTH UNITED ARROWS,【WEB限定】 by ガンクラブチェック ダブル 4B ジャコット/セットアップ対応,18700,0.0,18700,28
Columbia,＜Columbia Black label × monkey time＞Crowders Bay TM Jacket/マウンテンパーカー,37400,0.0,37400,29
Columbia,＜Columbia Black label × monkey time＞Schilling Garden TM Jacket/フリースジャケット,26400,0.0,26400,30
nano・universe,ダメリーノ　SOLOTEXハイテンションジャケット(セットアップ対応）,14850,0.0,14850,31
POLO RALPH LAUREN,スエード スキート ジャケット,171600,0.0,171600,32
FREAK'S STORE,WEB限定 THE NORTH FACE/ザノースフェイス Compact Jacket/コンパクト ジャケット,14300,0.0,14300,33
BEAMS,NIKE / スウッシュ ウーブン ジャケット,8580,0.6,21450,34
kutir,オーバーサイズボアブルゾン,3995,0.0,3995,35
EMMA CLOTHES,コットンツイル/デニム/ストライプ/チェック ドリズラージャケット,11880,0.0,11880,36
EMMA CLOTHES,ビーバーメルトンロングステンカラーコート/バルカラーコート2019AW(EMMA CLOTHES),14960,0.0,14960,37
neos,【neos -addictive design-】ルーズシルエット 袖ライン　フード ボア ブルゾン,14080,0.0,14080,38
THE NORTH FACE,The North Face (ザ・ノースフェイス）Denali Hoodie デナリフーディー　NA71952,24200,0.0,24200,39
HARE,ブリーチカコウBIGGジャン(HARE),19800,0.0,19800,40
FREAK'S STORE,WEB限定 THE NORTH FACE/ザノースフェイス Hydrena Wind Jacket/ハイドレナウィンドジャケット,17600,0.0,17600,41
gym master,★リバーシブルマウンテンジャケット★,14080,0.0,14080,42
THE CASUAL,1つボタン ショート丈 テーラード ジャケット ノッチドラペル,3850,0.9,38500,43
niko and...,WECPOシャツジャケット,7590,0.0,7590,44
THE CASUAL,リアルタッチ スムース / スエード PU レザー シングル ライダース ジャケット,4290,0.8,21450,45
neos,【neos -original design-】スーパービッグシルエット ダブルボタン オーバートレンチコート,9878,0.0,9878,46
RATTLE TRAP,シングルライダースレザージャケット【WEB限定カラー追加】,31900,0.0,31900,47
FREAK'S STORE,WEB限定 THE NORTH FACE/ザノースフェイス マウンテンレインテックスジャケット,31900,0.0,31900,48
AKM Contemporary,【AKM Contemporary】スタンドネックフードダウンジャケット/ASO-928T,21120,0.31000000000000005,30609,49
FREAK'S STORE,▽CANADA GOOSE/カナダグース JASPER PARKA/ジャスパー パーカ,126500,0.0,126500,50
VISION STREET WEAR,【VISION】レトロスポーツビッグシルエットナイロンジャケット,6166,0.95,123320,51
RAGEBLUE,ステッチショートブルゾン/847417,8690,0.0,8690,52
KANGOL,【別注・コラボ】ZIP FIVE × KANGOL　切替ナイロンビッグジャケット,7590,0.0,7590,53
THE NORTH FACE,THE NORTH FACE/ザ・ノースフェイス　Denali Hoodie デナリフーディ NA71952,24200,0.0,24200,54
FREAK'S STORE,WEB限定 スーパービッグシルエット デニムジャケット/オーバーサイズ 【セットアップ対応】,6996,0.0,6996,55
BARK MANHATTAN,タスラン加工マウンテンパーカー / シェルジャケット,6105,0.0,6105,56
FREAK'S STORE,▽【ユニセックスでオススメ！】ビッグシルエット6Wコーデュロイジャケット/ボリュームスリーブGジャン,7975,0.0,7975,57
THE NORTH FACE,ザ ノース フェイス THE NORTH FACE Compact Jacket,14300,0.0,14300,58
niko and...,WEテーラードジャケット,7590,0.0,7590,59
HARE,ドルマンBIGステンカラーコート(HARE),18700,0.0,18700,60
Casper John,CASPER JOHN　ドロップショルダーWチェスターコート,14355,0.9,143550,61
UNIVERSAL OVERALL,UNIVERSAL OVERALL × BEAMS / 別注 チェック カバーコーチジャケット,18480,0.0,18480,62
TOMMY HILFIGER,ヨット ジャケット/JS M New Tommy Yacht Jacket,17600,0.0,17600,63
Danton,【DANTON/ダントン】FLEECE フリースカーディガン,17380,0.0,17380,64
adidas,adidas BOMBER PADDED JACKET (BLACK),14300,0.0,14300,65
BARK MANHATTAN,ボリュームネック ダウンジャケット[DOWN70％/FEATHER30％],9900,0.0,9900,66
HARE,オーバーロングジャケット(HARE),13200,0.8,66000,67
rehacer,rehacer : Little Tigar SKA-1 / リトルタイガー SKA-1,19580,0.0,19580,68
Columbia,Columbia×SHIPS JET BLUE: 別注 シュガードーム ボアフリース リバーシブルジャケット◆,19250,0.0,19250,69
DOOPZ,DOOPZ　ルーズスリーブドリズラージャケット,15950,0.0,15950,70
Steven Alan,＜Steven Alan＞ NYLON BAL COLLAR COAT-BOLD/コート,30800,0.0,30800,71
THE NORTH FACE,THE NORTH FACE (ザ ノースフェイス) The Coach Jacket ザコーチジャケット NP21836,15400,0.0,15400,72
SHIPS,SC: TEXBRID(R) ハニカム/ジャガード ローゲージ 2ボタン ジャケット,15180,0.0,15180,73
unrelaxing,ビッグシルエットチェスターコート オーバーサイズジャケット,10120,0.27,13863,74
KANGOL,▽WEB限定 KANGOL/カンゴール 別注 切替ナイロンビッグジャケット,7700,0.0,7700,75
FREAK'S STORE,WEB限定 ビッグシルエット ボンディング ボアフリース ブルゾン 防風,8998,0.0,8998,76
NUMBER (N)INE,【NUMBER (N)INE】《別注》パウダー ウォームクロス ウール ライク ストレッチ セットアップ ジャケット / スリム テーパード スラックス,29700,0.0,29700,77
HYSTERIC GLAMOUR,エアフォース LOGO SCRATCH MA-1ジャケット,43780,0.0,43780,78
ASTRONOMY,MA-1中綿ジャケット,4950,0.65,14143,79
Lee,Lee:別注101J NEW FIT Gジャン,15400,0.0,15400,80
nano・universe,西川ダウン ナイロンG2ジャケット(一部WEB限定カラー),40480,0.0,40480,81
Champion,Champion×SHIPS JET BLUE: 別注 19AW シェルパフリース ジップパーカー,8910,0.0,8910,82
THE NORTH FACE,THE NORTH FACE/ザ・ノースフェイス　Denali Jacket デナリジャケット NA71951,19800,0.0,19800,83
THE NORTH FACE,THENORTHFACE/ザ・ノースフェイス/Denali Jacket/デナリジャケット/NA71951,19800,0.0,19800,84
nano・universe,TR/W リブブルゾン,13750,0.0,13750,85
MEI,【GO OUT10月号掲載】MEI（メイ）別注カラーブロックマウンテンパーカー,7700,0.0,7700,86
AKM,シープレザーブルゾン,37950,0.44999999999999996,69000,87
UNITED TOKYO,Super110'sメルトンステンカラーコート,18216,0.6,45540,88
NANGA,NANGA×URBAN RESEARCH iD　AURORA 3LAYER DOWN BLOUSON,36300,0.0,36300,89
THE NORTH FACE,THE NORTH FACE (ザ ノースフェイス)　Denali Hoodie /デナリフーディ /NA71952,24200,0.0,24200,90
MONO-MART,シャギーメルトンチェスターコート2019AW(MONO-MART),7920,0.9,79200,91
green label relaxing,CM◆SP ドライチェック NT 2B ジャケット （機能性生地 / 吸水速乾）,8800,0.5,17600,92
DIESEL,メンズ ジャケット ナイロンコーチジャケット,23100,0.6,57750,93
SHIPS,SC: シャンカール(R)コットン セットアップ コーデュロイ ジャケット,22990,0.0,22990,94
JOURNAL STANDARD,【KANTIAN】ピグメントコート＃,5280,0.30000000000000004,7543,95
RAGEBLUE,TRチェックダブルテーラードジャケット/847437,8690,0.0,8690,96
LIL VENDARS,撥水マウンテンパーカー ジャケット ブルゾン,4950,0.51,10102,97
kutir,CPOシャツジャケット(フラップポケットシャツジャケット)【youtuberげんじくん紹介商品】,3300,0.0,3300,98
Steven Alan,＜Steven Alan＞ 8WALE CORDUROY STAND COLLAR COVERALL/カバーオール,22000,0.0,22000,99
FREAK'S STORE,NIKE/ナイキ CE トラックスーツ/セットアップ,11000,0.0,11000,100
NUMBER (N)INE,【NUMBER (N)INE】《別注》ライト ウェイト ハイスペック インステッチ ショート ダウンジャケット / DOWN JACKET,33000,0.0,33000,101
UNITED TOKYO,メリノウールステンカラーコート,13068,0.6,32670,102
UNITED TOKYO,Super120'sメルトンステンカラーコート,31900,0.0,31900,103
THE NORTH FACE,ザ ノース フェイス THE NORTH FACE MT RAINTEX JK,31900,0.0,31900,104
nano・universe,【WEB限定】ストレッチデニムジャケット,8800,0.0,8800,105
UNITED TOKYO,ラムレザーシングルライダース,20900,0.86,149286,106
AIVER,CASPER JOHN AIVER　OVERSIZED FURBLOUSON,15400,0.0,15400,107
FRED PERRY,FRED PERRY: SHIPS別注 TW ハリントンジャケット 19FW ■,30800,0.0,30800,108
TOMMY JEANS,バック ロゴ トラック ジャケット,30800,0.0,30800,109
AIVER,CASPER JOHN AIVER　２WAY MELTON MODS COAT,15400,0.0,15400,110
URBAN RESEARCH Sonny Label,シングルライダースジャケット,7150,0.0,7150,111
FREAK'S STORE,WEB限定 ビッグシルエット コーデュロイ バルマカーンコート/オーバーコート,14960,0.0,14960,112
FREAK'S STORE,WEB限定 THE NORTH FACE/ザノースフェイス マウンテンバーサマイクロジャケット,11880,0.0,11880,113
POLO RALPH LAUREN,ハイブリッド ダウン フーディ,29700,0.0,29700,114
glamb,Blaine leather JKT / ブレインレザージャケット,58850,0.0,58850,115
nano・universe,【WEB限定商品】∴マイクロカノコカットジャケット,5500,0.0,5500,116
Steven Alan,＜Steven Alan＞ 100S MELTON PATCH BAL COLLAR LONG COAT/コート,55000,0.0,55000,117
417 EDIFICE,ダブルクロスツイル SPECIAL セットアップ,11000,0.0,11000,118
BEAMS,THE NORTH FACE / Moutain Jacket,55000,0.0,55000,119
UNITED TOKYO,Super110'sメルトンチェスターコート,18216,0.6,45540,120
RAGEBLUE,ボアスタンドブルゾン/852106,7590,0.0,7590,121
THE NORTH FACE,ザ ノース フェイス THE NORTH FACE Venture Jacket NP11536,17600,0.0,17600,122
Steven Alan,＜Steven Alan＞ VNTG 2WAY BAL COLLAR COAT/コート,52800,0.0,52800,123
Steven Alan,＜Steven Alan＞ T/C BAL DRIZZLER JACKET/ジャケット,26400,0.0,26400,124
g-stage,ドットデザインニットジャケット,4290,0.21999999999999997,5500,125
ADRER,バラシシュウビッグデニムジャケット,9900,0.0,9900,126
MAISON SPECIAL,【SPECIAL FACTORY コラボ】“洗えるTECH SUIT” ワーカーズSOLOTEX/ソロテックスセットアップ/ジャケット/スラックス/ハンガー 【MAISON SPECIAL/メゾンスペシャル】,16280,0.0,16280,127
NIKE,ナイキ スポーツウェア ウィンドランナー メンズ フーデッド ジャケット,12100,0.0,12100,128
Barbour,Barbour × BEAMS PLUS / 別注 BEDALE 2Layer,48400,0.0,48400,129
THE NORTH FACE,THENORTHFACE/ザ・ノースフェイス/Denali Hoodie/デナリフーディ/NA71952,24200,0.0,24200,130
FREAK'S STORE,WEB限定 PENNEY'S×FREAK'S STORE/ペニーズ 別注ビッグシルエット コーデュロイ カバーオール,7997,0.0,7997,131
nano・universe,ダメリーノ　ハイテンションツイル　セットアップ,15950,0.0,15950,132
LIL VENDARS,ハイブリッド ストレッチ ミリタリー ハイネック マウンテンパーカー ジャケット,4950,0.76,20625,133
Mark Gonzales,Mark Gonzales/マークゴンザレス MONO-MART別注 オーバーコーチジャケット,6600,0.0,6600,134
Confirm,Confirm / コンファーム チェスターコート,7689,0.0,7689,135
KANGOL,KANGOL ( カンゴール ) リバーシブル ボアブルゾン,7590,0.0,7590,136
NANGA,【19FW】SHIGA DOWN NANGA×relume / 別注AURORA-TEXダウンジャケット,44550,0.0,44550,137
AIVER,CASPER JOHN AIVER　ミリタリーツイルモッズコート,14850,0.0,14850,138
NIKE,ナイキ スポーツウェア ウィンドランナー メンズ フーデッド ジャケット,11000,0.0,11000,139
JOURNAL STANDARD relume,ステンカラーコート,18150,0.0,18150,140
PENDLETON,PENDLETON/別注ツイル CPOジャケット,14300,0.0,14300,141
POLO RALPH LAUREN,インディゴ スタジアム デニム ジャケット,42900,0.0,42900,142
KELTY,KELTY: 別注 裏起毛 フリース ジップ フード パーカー,20900,0.0,20900,143
F.C.Real Bristol,POLARTEC POWER SHIELD STAND COLLAR BLOUSON,41800,0.0,41800,144
Rocky Monroe,メルトンステンカラーコート,7920,0.0,7920,145
EDIFICE,カルゼジャケット,16940,0.0,16940,146
ADRER,ADRERオーバートレンチコート,19800,0.0,19800,147
AVIREX,avirex/アヴィレックス/メンズ/MA-1　COMMERCIAL/MA-1コマーシャル,19800,0.0,19800,148
UNIVERSAL OVERALL,【UNIVERSAL OVERALL/ユニバーサルオーバーオール】コーデュロイカバーオール,13200,0.0,13200,149
NUMBER (N)INE,【NUMBER (N)INE】《別注》ビッグロゴ バックプリント ジップアップ フード ジャケット / ブルゾン,19800,0.0,19800,150
THE NORTH FACE,THE NORTH FACE (ザ ノースフェイス) Denali Jacket / デナリジャケット /NA71951,19800,0.0,19800,151
kutir,リングジップブルゾン,3595,0.0,3595,152
JOURNAL STANDARD relume,ウールフードショートコート,16170,0.0,16170,153
LACOSTE,リバーシブルボンバージャケット,17600,0.5,35200,154
FREAK'S STORE,WEB限定 THE NORTH FACE/ザノースフェイス マウンテンレインテックスコート,38500,0.0,38500,155
FREAK'S STORE,▽Schott/ショット 別注2TONE DOWN JACKET/ツートンダウンジャケット,38280,0.0,38280,156
DOOPZ,DOOPZ TRドロップショルダーステンカラーコート,18150,0.0,18150,157
BEAUTY&YOUTH UNITED ARROWS,BY “小松マテーレ” ナイロン ダウンジャケット,35200,0.0,35200,158
nano・universe,【WEB限定】フェイクスウェードリブブルゾン,11000,0.0,11000,159
FIRST DOWN,【FIRST DOWN/ファーストダウン】 パネルショートダウン ダウンジャケット,35200,0.0,35200,160
SILAS,NYLON JACKET.,7040,0.5,14080,161
JOURNAL STANDARD,【尾州産】ホームスパン チェック テーラードジャケット [セットアップ対応]#,17600,0.0,17600,162
THE NORTH FACE,＜THE NORTH FACE（ザノースフェイス）＞ HYDRENA W/JKT/アウター,17600,0.0,17600,163
THE NORTH FACE,THE NORTH FACE / Venture Jacket,17600,0.0,17600,164
Dulcamara,2019秋冬　よそいきダブルジャケット -YOSOIKI-,34100,0.0,34100,165
coen,3WAYボアマウンテンパーカー,11000,0.0,11000,166
NANGA,NANGA×DOORS　Aurora,33000,0.0,33000,167
adidas,WND ジャケット,4290,0.39,7033,168
ASTRONOMY,1つボタン ショート丈 テーラード ジャケット ノッチドラペル,4950,0.65,14143,169
JOURNAL STANDARD,◆【LASKA】 850HT フードダウン #,30800,0.0,30800,170
KANGOL,【別注・コラボ】ZIP FIVE×KANGOL シープボアジャケット,7590,0.0,7590,171
SHIPS,SC:【WEB限定】SOLOTEX(R) ハイブリッド ジャージー セットアップ ジャケット,14960,0.0,14960,172
coen,コーデュロイコーチジャケット,6600,0.0,6600,173
nano・universe,【WEB限定】起毛ナイロンコーチジャケット,9900,0.0,9900,174
BEAUTY&YOUTH UNITED ARROWS,【WEB限定】 by カラー ダウンジャケット,29700,0.0,29700,175
FREAK'S STORE,ARC'TERYX/アークテリクス GAMMA LT HOODY/ガンマLTフーディ,29700,0.0,29700,176
URBAN RESEARCH,ストレッチポンチ2Bジャケット,12210,0.0,12210,177
adidas,コーチジャケット [WINTERIZED COACH JACKET] アディダスオリジナルス,7150,0.5,14300,178
AIVER,CASPER JOHN AIVER　オーバーサイズダブルチェスターコート,14080,0.0,14080,179
Champion,Champion×SHIPS: 別注 シェルパフリース ラグランフーディージャケット（パーカ）,9350,0.0,9350,180
nano・universe,裏ストライプリバーシブルMA-1,11550,0.0,11550,181
JOURNAL STANDARD relume,PE TWILL STRETCH セットアップ,13200,0.0,13200,182
KANGOL,KANGOL / カンゴール ナイロントラックジャケット,6589,0.0,6589,183
UNITED TOKYO,メリノウールチェスターコート,13068,0.6,32670,184
AIVER,CASPER JOHN AIVER　オーバーサイズミリタリーシャツジャケット,12650,0.0,12650,185
green label relaxing,NM◆SP ウオッシャブルトロ NT 2B ジャケット ＜機能性生地＞,12320,0.7,41067,186
nano・universe,WONDER LIGHT LEATHER　レザーリブブルゾン,26950,0.0,26950,187
UNITED TOKYO,ジロンラムウールVネックコート,24200,0.0,24200,188
FREAK'S STORE,▽FIRST DOWN×FREAK'S STORE/ファーストダウン 別注ボアフリースブルゾン,12100,0.0,12100,189
nano・universe,：ラムレザーリブブルゾン,14520,0.6,36300,190
THE NORTH FACE,【THE NORTH FACE / ザ ノースフェイス】 JERSEY JACKET,12100,0.0,12100,191
TAION,TAION×SHIPS:【WEB限定】別注 シームレス クルーネック インナーダウン カーディガン,7700,0.0,7700,192
adidas,トラックジャケット [LOCK UP TRACK TOP] アディダスオリジナルス,10989,0.0,10989,193
green label relaxing,SC シープスキン ライダースブルゾン ＜機能性生地 / 撥水＞,21560,0.7,71867,194
EDIFICE,T/W カルゼジャージー 2ボタン ジャケット,19800,0.0,19800,195
JOURNAL STANDARD,中綿マウンテンパーカー,16170,0.0,16170,196
nano・universe,【WEB限定】メルトンチェスターコート,18150,0.0,18150,197
ALPHA,【MA-1】定番 MA-1,19580,0.0,19580,198
NIKE,[ナイキ] SC NIKE プレイヤーズ ウーブン ジャケット,8800,0.0,8800,199
ASTRONOMY,PUレザーシングルライダース,4950,0.65,14143,200
